Track URI,Track Name,Album Name,Artist Name(s),Release Date,Duration (ms),Popularity,Explicit,Added By,Added At,Genres,Record Label,Danceability,Energy,Key,Loudness,Mode,Speechiness,Acousticness,Instrumentalness,Liveness,Valence,Tempo,Time Signature
spotify:track:09sMYryZesXWtTqvBtOCnM,"B and O Blues","Dang","Eola",2016-09-23,258560,30,false,ce4h02wfl7upc1x82kkbes4cd,2026-02-20T13:51:01Z,"sandalwood","Leaving Records",0.157,0.265,4,-9.079,1,0.0325,0.976,0.0129,0.102,0.118,76.089,4
spotify:track:6hZmRzlIAOdOMFMx5iOoym,"The Whole Woman","ICONOCLASTS","Anna von Hausswolff;Iggy Pop",2025-10-31,258146,45,false,ce4h02wfl7upc1x82kkbes4cd,2026-02-20T13:51:19Z,"neofolk,drone,art pop,proto-punk,glam rock","YEAR0001",0.206,0.445,4,-11.308,0,0.0375,0.207,0.0001,0.547,0.102,97.252,4
spotify:track:73J3NTv0WiYzta78twULgh,"Subtext","Translucence + Drift Music","John Foxx;Harold Budd",2003-08-25,359680,34,false,ce4h02wfl7upc1x82kkbes4cd,2026-02-20T13:51:29Z,"synthpop,ambient,new wave,cold wave,minimalism,shoegaze","Metamatic Records",0.111,0.00459,9,-32.667,0,0.0338,0.989,0.889,0.0796,0.0444,72.288,3
spotify:track:0Q6OskXNfChXfBpN2oswue,"The One to Wait","CCFX EP","CCFX",2017-10-20,393226,54,false,ce4h02wfl7upc1x82kkbes4cd,2026-02-20T13:51:40Z,"","DFA Records",0.615,0.749,4,-6.675,1,0.0327,0.0947,0.201,0.121,0.574,100.902,4
spotify:track:0J73QMzUug2k3PFJN2sG1q,"I LUV U","d00mscrvll","Diplo;d00mscrvll",2026-01-09,114285,47,true,ce4h02wfl7upc1x82kkbes4cd,2026-02-20T13:51:48Z,"moombahton","d00mscrvll",0.406,0.31,3,-9.601,1,0.0299,0.424,0.00143,0.111,0.0471,104.981,4
spotify:track:3zUMbNzbCix8BiBoIhTjM4,"Post-Modern Sleaze","Becoming X","Sneaker Pimps",1996-08-18,210933,50,false,ce4h02wfl7upc1x82kkbes4cd,2026-02-20T13:51:58Z,"trip hop,downtempo","One Little Independent Records",0.638,0.591,8,-6.961,0,0.036,0.074,0.0203,0.0635,0.416,145.234,4
spotify:track:0ZMr5lpvD8G0UBx6WRQG2y,"Contact Note","Contact Note","Jon Hopkins",2005-05-16,467760,13,false,ce4h02wfl7upc1x82kkbes4cd,2026-02-20T13:52:05Z,"idm,ambient","Just Music",0.405,0.32,7,-14.522,0,0.0399,0.758,0.926,0.194,0.0931,107.01,1
spotify:track:4Q8NCxiOVyH68D1bNsHlRA,"Oh Yeah (Cop Collab)","Flip To Raw","Torn Hawk",2025-02-21,562909,2,false,ce4h02wfl7upc1x82kkbes4cd,2026-02-20T13:52:37Z,"idm","Fixed Rhythms",0.782,0.939,7,-8.81,1,0.0493,0.0934,0.89,0.119,0.105,109.996,4
spotify:track:7pSEzaEANrWXuYpXS2jgV2,"Going Through the Veil - Becoming a Swan","Hearing Music","Joanna Brouk",2016-05-06,880556,25,false,ce4h02wfl7upc1x82kkbes4cd,2026-02-20T13:52:42Z,"new age,ambient","Numero Group",0.281,0.0338,1,-25.841,1,0.0446,0.984,0.923,0.106,0.0369,73.629,3
spotify:track:35MBwxzpfGKOxQRpdKLSHi,"T r i s h","T r i s h - EP","Odd Nosdam",2013-09-24,297298,0,false,ce4h02wfl7upc1x82kkbes4cd,2026-02-20T13:52:53Z,"experimental hip hop,idm","Burnco Recs",0.0688,0.406,10,-7.023,1,0.0428,0.000373,0.0284,0.231,0.161,78.583,4
spotify:track:4viN4udbeMEUjc2dXRyac9,"God Yu Tekem Laef Blong Mi (From ""The Thin Red Line"" Soundtrack)","The Thin Red Line","Hans Zimmer;Gavin Greenaway",1999-01-11,118573,41,false,ce4h02wfl7upc1x82kkbes4cd,2026-02-20T13:53:09Z,"soundtrack,score","RCA Victor",0.244,0.133,2,-14.582,1,0.0334,0.938,0.000364,0.209,0.315,130.191,5
spotify:track:0SX90JLFjxFTO14ddNxAIt,"Low Down","ABC Side Baby","AE MAK",2024-06-21,231773,1,false,ce4h02wfl7upc1x82kkbes4cd,2026-02-20T13:53:40Z,"art pop","New Friend",0.715,0.679,7,-8.416,1,0.0677,0.111,0.000145,0.0465,0.334,115.996,4
spotify:track:6ARWPhPmVCM9puAHS4NotI,"Watch Me Move","The Cloud Dream of the Nine : The 1st Dream","Uhm Jung Hwa",2016-12-27,195076,3,false,ce4h02wfl7upc1x82kkbes4cd,2026-02-20T13:53:46Z,"","Genie Music Corporation, Stone Music Entertainment",0.645,0.856,0,-2.5,1,0.101,0.345,0,0.0663,0.467,115.016,4
spotify:track:4dhmmDDL1IUE9XPpms10PH,"Flimkien Ngħaddu Mill-Bieb","Saru l-Qamar","A Lily",2024-04-05,247534,3,false,ce4h02wfl7upc1x82kkbes4cd,2026-02-20T13:53:56Z,"ambient","Phantom Limb",0.382,0.348,0,-13.886,0,0.0836,0.302,0.948,0.204,0.0379,133.6,1
spotify:track:3slQ3fzNJicbsIQu6x6kOt,"Tħallinix","Saru l-Qamar","A Lily",2024-04-05,247372,2,false,ce4h02wfl7upc1x82kkbes4cd,2026-02-20T13:54:15Z,"ambient","Phantom Limb",0.569,0.533,4,-12.968,1,0.0441,0.992,0.914,0.0999,0.473,102.541,4
spotify:track:1531CrnT948srl2pglgqOk,"Attention, Lovers - Mixed","DJ-Kicks: Elkka","Elkka",2023-04-26,69519,14,false,ce4h02wfl7upc1x82kkbes4cd,2026-02-20T13:54:25Z,"","!K7 Records",0.312,0.673,9,-10.109,0,0.0583,0.746,0.9,0.645,0.432,138.192,4
spotify:track:6WS2TcsMEGOFtveWbtbuwZ,"stayinit","stayinit","Fred again..;Lil Yachty;Overmono",2024-02-28,274925,54,false,ce4h02wfl7upc1x82kkbes4cd,2026-02-20T13:54:43Z,"stutter house,house,edm,uk garage,breakbeat","Atlantic Records UK",0.699,0.755,7,-6.502,0,0.122,0.003,0.00511,0.244,0.132,134.082,4
spotify:track:4K3glAui6GSMQfYWxC0qy9,"God Is Alive Magic Is Afoot","Illuminations","Buffy Sainte-Marie",1969,291533,37,false,ce4h02wfl7upc1x82kkbes4cd,2026-02-20T13:54:57Z,"native american music,folk rock,folk","Vanguard Records",0.35,0.247,0,-17.036,1,0.206,0.851,0,0.0992,0.373,76.806,3
spotify:track:3de74WrhYh5VKf6t86acCb,"In Light","Healing Is A Miracle","Julianna Barwick;Jónsi",2020-07-10,366290,30,false,ce4h02wfl7upc1x82kkbes4cd,2026-02-20T13:55:03Z,"ambient,drone,art pop,post-rock","Ninja Tune",0.166,0.581,0,-10.283,1,0.046,0.546,0.828,0.0889,0.0619,61.852,4
spotify:track:0EJIvW66CnU9gepv02cfNy,"Structure","Teignmouth","Love Is Colder Than Death",1991,111600,22,false,ce4h02wfl7upc1x82kkbes4cd,2026-02-20T13:55:19Z,"darkwave,neofolk,neoclassical,gothic rock,deathrock,cold wave,ebm,medieval","In Deyagora Music",0.395,0.346,9,-16.462,1,0.0364,0.329,0.984,0.173,0.459,122.153,3
spotify:track:1MpQAGgPGlw1TiFyg5p2JE,"TUNE IN TUNE OUT","WHERE R U","HONESTY",2023-11-22,251040,0,false,ce4h02wfl7upc1x82kkbes4cd,2026-02-20T13:55:29Z,"","Partisan Records",0.438,0.504,6,-9.164,0,0.0307,0.506,0.842,0.117,0.147,127.052,4
spotify:track:0tf13dgwkiBXk7GPMqMHrX,"When Its Cold I'd Like to Die (Moby)","When Its Cold I'd Like To Die (Moby)","Drumloop",2019-03-17,243185,19,false,ce4h02wfl7upc1x82kkbes4cd,2026-02-20T13:55:38Z,"experimental","unseelie",0.206,0.26,3,-14.198,1,0.0335,0.984,0.925,0.155,0.0483,60.942,5
spotify:track:4bXF0ErXw6pcgFJTkYLQuy,"Forget Me Nots - Club Mix","All Mixed Up","La Bouche",1996-12-16,317706,25,false,ce4h02wfl7upc1x82kkbes4cd,2026-02-20T13:55:48Z,"eurodance,europop","MCI",0.794,0.938,6,-6.007,0,0.0548,0.000283,0.0000214,0.0618,0.772,126.2,4
spotify:track:6Tb8XUgYPcGxy12BRvjAK7,"180","180","Bloodz Boi;EDEN",2022-12-02,196965,0,false,ce4h02wfl7upc1x82kkbes4cd,2026-02-20T13:56:02Z,"cloud rap","MCMXCV",0.23,0.785,2,-7.544,1,0.289,0.701,0.123,0.236,0.294,70.737,4
spotify:track:4TXo3KpvdwHSdrPJlWDfgn,"Forgive Me","Forgive Me - The 3rd Mini Album","BoA",2022-11-22,168346,35,false,ce4h02wfl7upc1x82kkbes4cd,2026-02-20T13:56:10Z,"k-pop,j-pop,j-r&b","SM Entertainment",0.63,0.894,5,-1.877,0,0.0692,0.154,0,0.485,0.635,100.029,4
spotify:track:5AyL2kgLtTWEu3qO3B9SqK,"Like A G6","Free Wired","Far East Movement;The Cataracs;DEV",2010-01-01,216893,75,false,ce4h02wfl7upc1x82kkbes4cd,2026-02-20T13:56:17Z,"","Interscope",0.355,0.838,7,-8.126,0,0.471,0.00682,0,0.117,0.783,165.457,5
spotify:track:4UIwCLCfAyMbK8GKXZwYJS,"The Sound of Water","The Sound of Water","illi mel;Abstract Aprils",2023-04-07,139833,13,false,ce4h02wfl7upc1x82kkbes4cd,2026-02-20T13:56:30Z,"ambient,drone,space music,dark ambient","Anthem Falls Music & Sonder House",0.257,0.0274,6,-25.685,1,0.0322,0.969,0.924,0.11,0.0545,89.007,4
spotify:track:5raTOwORf2ITmMFLh0tD2b,"Business Opportunities","The Head Hurts but the Heart Knows the Truth","Headache",2023-05-31,308500,42,false,ce4h02wfl7upc1x82kkbes4cd,2026-02-20T13:56:39Z,"spoken word","PLZ Make It Ruins",0.683,0.699,4,-10.088,1,0.0381,0.573,0.000358,0.18,0.182,104.002,4
spotify:track:66ta5696I0xJoXKWxCsC4o,"Tell Me Your Secret","Heavy Black Heart","death's dynamic shroud",2017-08-04,190287,18,false,ce4h02wfl7upc1x82kkbes4cd,2026-02-20T13:56:48Z,"vaporwave,plunderphonics","Orange Milk",0.454,0.791,4,-6.654,1,0.0902,0.105,0.141,0.533,0.474,160.067,4
spotify:track:7mMlbJlXXo2mRtQ4R9sIzD,"Hide and Seek","Speak for Yourself","Imogen Heap",2005-07-18,268979,1,false,ce4h02wfl7upc1x82kkbes4cd,2026-02-20T13:56:56Z,"","Sony BMG Music UK",0.451,0.166,9,-11.125,1,0.0696,0.909,0,0.19,0.0901,121.123,4
spotify:track:4luVo7rY1JPMNnmVX8bfjQ,"Capio","White-Out Conditions","bel canto",1987-01-01,140520,15,false,ce4h02wfl7upc1x82kkbes4cd,2026-02-20T13:57:02Z,"dream pop,norwegian pop,norsk rock","Crammed Discs",0.203,0.214,3,-16.634,0,0.033,0.723,0.595,0.166,0.0393,90.484,3
spotify:track:6Q3rwCnnGjcOfQACGarOjL,"Gush Forth My Tears","Madra","Miranda Sex Garden",1991-01-01,136306,14,false,ce4h02wfl7upc1x82kkbes4cd,2026-02-20T13:57:14Z,"gothic rock,darkwave,deathrock,neofolk,dream pop","Mute",0.184,0.0134,7,-28.758,0,0.0423,0.959,0.00405,0.0704,0.0748,88.67,3
spotify:track:202uV3BScQKsVhyZKse82W,"Landslide","Red Mecca","Cabaret Voltaire",1981-01-01,128026,19,false,ce4h02wfl7upc1x82kkbes4cd,2026-02-20T13:57:22Z,"industrial,ebm,post-punk,synthpop,experimental,new wave,cold wave,avant-garde,darkwave,industrial rock,krautrock","Mute",0.545,0.504,3,-15.178,0,0.0389,0.0113,0.818,0.146,0.98,146.84,4
spotify:track:46Q1bDLEuApybLdoEiJgLQ,"Enigma of the Absolute","Wake","Dead Can Dance",2002-09-02,254493,17,false,ce4h02wfl7upc1x82kkbes4cd,2026-02-20T13:57:33Z,"neofolk,darkwave,gothic rock,deathrock,neoclassical,new age,post-punk,cold wave","4AD",0.388,0.451,7,-11.646,0,0.0315,0.0000171,0.687,0.433,0.304,112.079,4
spotify:track:5sNESr6pQfIhL3krM8CtZn,"Numb / Encore","Numb / Encore: MTV Ultimate Mash-Ups Presents Collision Course","JAY-Z;Linkin Park",2004-11-30,205733,79,true,ce4h02wfl7upc1x82kkbes4cd,2026-02-20T13:57:42Z,"hip hop,east coast hip hop,rap,nu metal,rap metal,rock,alternative metal","Warner Records/Roc-A-Fella",0.687,0.793,2,-4.254,1,0.166,0.0603,0,0.582,0.751,107.045,4
spotify:track:6GtszGxcbOrNKGlW22uMq2,"Mo-Mo 1","Sacred Flute Music from New Guinea: Madang / Windim Mabu","Ragnar Johnson;Jessica Mayer",2016-04-15,452650,0,false,ce4h02wfl7upc1x82kkbes4cd,2026-02-20T13:58:05Z,"traditional music","Ideologic Organ",0.277,0.0517,5,-18.676,0,0.0646,0.994,0.875,0.122,0.245,93.899,3
spotify:track:5ynRfFrcQPWKGibkN9Owfo,"Dolphine","Dolphine","Mega Bog",2019-06-28,194897,7,false,ce4h02wfl7upc1x82kkbes4cd,2026-02-20T13:58:13Z,"art pop","Paradise of Bachelors",0.305,0.438,9,-10.64,1,0.0412,0.898,0.274,0.1,0.294,177.983,3
spotify:track:4cc4nqbcXGHaxtBDmBFbIx,"Hooligan Break","Hear the Sound of My Feet","Zulu",2023-06-16,337750,2,false,ce4h02wfl7upc1x82kkbes4cd,2026-02-20T13:58:20Z,"","Association Fatale",0.626,0.747,11,-7.97,0,0.0452,0.00403,0.825,0.104,0.163,127.005,4
spotify:track:010tl5hzm98WamBii7JwQD,"Dancing With Friends","Sanguine","Julianna Barwick",2007-01-30,195840,8,false,ce4h02wfl7upc1x82kkbes4cd,2026-02-20T13:58:31Z,"ambient,drone,art pop","Florid Recordings",0.0793,0.431,10,-13.6,1,0.0573,0.854,0.117,0.103,0.29,61.224,4
spotify:track:4wo6Mme2DqYRjWZgqrIYNr,"Not Much Of A Life","Fires In Heaven","SALEM",2020-10-30,212416,8,false,ce4h02wfl7upc1x82kkbes4cd,2026-02-20T13:58:46Z,"witch house,electroclash","Salem",0.523,0.283,2,-9.998,0,0.0264,0.000675,0.000334,0.13,0.0904,74.358,4
spotify:track:2CkashGKo2ri8uFuLPRCCl,"Bom Bom Bow","Dali Muru & The Polyphonic Swarm","Dali Muru & The Polyphonic Swarm",2021-11-25,127147,0,false,ce4h02wfl7upc1x82kkbes4cd,2026-02-20T13:59:15Z,"spoken word,experimental","Stroom",0.273,0.107,7,-19.85,1,0.0422,0.956,0.229,0.137,0.0379,77.445,4
spotify:track:0yYGFr9FmMVrTV4GDAbRN3,"Sounds Like a Melody - Original Radio Edit","Sounds Like A Melody","Lichtenfels",2003,211946,55,false,ce4h02wfl7upc1x82kkbes4cd,2026-02-20T13:59:22Z,"eurodance,happy hardcore","WM Germany",0.577,0.949,9,-5.157,0,0.0848,0.0259,0.0144,0.547,0.513,137.88,4
spotify:track:34nH8U2DLBokj209VfGHAg,"O viridissima virga, BN 19","A Feather on the Breath of God: Songs of Hildegard von Bingen","Hildegard von Bingen;Gothic Voices;Christopher Page;Doreen Muskett",1985-04-01,193826,20,false,ce4h02wfl7upc1x82kkbes4cd,2026-02-20T13:59:28Z,"medieval,early music,renaissance,gregorian chant,classical","Hyperion",0.207,0.086,9,-21.268,1,0.0506,0.963,0,0.19,0.159,78.408,4
spotify:track:5QeBKoOTrDa65IQUgMka9l,"Like Last Night","Fake Synthetic Music","Stine Janvin",2018-10-12,224354,10,false,ce4h02wfl7upc1x82kkbes4cd,2026-02-20T13:59:40Z,"experimental,electroacoustic,avant-garde","PAN",0.263,0.25,6,-19.851,1,0.0857,0.00861,0.908,0.146,0.0695,145.263,5
spotify:track:3Cv5Cwkm8rWtjnmkIU0qBD,"No Ceiling","What Dreams May Come","Rabit;Embaci",2022-11-25,111474,14,false,ce4h02wfl7upc1x82kkbes4cd,2026-02-20T13:59:51Z,"experimental,grime,ballroom vogue,avant-garde","Halcyon Veil",0.53,0.576,7,-9.456,1,0.0317,0.0893,0.856,0.391,0.0385,111.049,3
spotify:track:5zxl6wJiNyPOE5D6TIRb4P,"Cat","STROBE.RIP","Amnesia Scanner;Freeka Tet",2023-06-16,191916,14,false,ce4h02wfl7upc1x82kkbes4cd,2026-02-20T14:00:00Z,"experimental,avant-garde,idm","PAN",0.762,0.818,6,-7.858,1,0.0439,0.0393,0.793,0.452,0.284,121.307,4
spotify:track:2wuDe26PpCeKX3F4w9kWtb,"Pulses","Music For 18 Musicians (Steve Reich)","Steve Reich;Erik Hall",2020-05-08,252871,23,false,ce4h02wfl7upc1x82kkbes4cd,2026-02-20T14:00:08Z,"minimalism,contemporary classical,avant-garde,musique concrète,classical,electroacoustic,experimental","Western Vinyl",0.647,0.689,9,-15.55,1,0.0398,0.973,0.631,0.101,0.532,107.97,4
spotify:track:0rfY8pFBPtrtRxYmAO7xLV,"Pe Loc","Eisoptrophobia","Akira Rabelais",2001-03-26,77896,7,false,ce4h02wfl7upc1x82kkbes4cd,2026-02-20T14:00:15Z,"drone,electroacoustic,musique concrète,avant-garde,ambient,minimalism,experimental,dark ambient","Argeïphontes",0.197,0.0524,5,-26.536,0,0.0568,0.911,0.874,0.0892,0.0284,63.738,4
spotify:track:5J94BE34S8gqfmhTFQzHmM,"Azukiiro No Kaori","Sakura","Susumu Yokota",1999-07-21,159066,0,false,ce4h02wfl7upc1x82kkbes4cd,2026-02-20T14:00:28Z,"ambient,idm,drone","skintone",0.18,0.118,2,-18.705,1,0.0508,0.977,0.98,0.0777,0.0673,60.753,4
spotify:track:25acuSS8Mfoo0XVHdPlHTJ,"My Evil","Eye On The Bat","Palehound",2023-07-14,144404,20,false,ce4h02wfl7upc1x82kkbes4cd,2026-02-20T14:00:34Z,"","Polyvinyl Records",0.61,0.4,11,-8.005,0,0.0275,0.526,0.00000123,0.118,0.466,89.991,4
spotify:track:7gQ8x5vfvG7gVsOlh9Hs3I,"Hear Me Now","The Short Song Project","Jayla Kai",2023-05-05,64374,2,false,ce4h02wfl7upc1x82kkbes4cd,2026-02-20T14:00:43Z,"","Miscellaneous Recordings",0.27,0.39,9,-16.875,1,0.176,0.969,0.00402,0.404,0.813,132.113,5
spotify:track:2rRysuBq19i5HMtoKXlxLc,"Where'd You Put Me","Mind Palace Music","@",2023-02-17,72000,17,false,ce4h02wfl7upc1x82kkbes4cd,2026-02-20T14:00:54Z,"","Carpark",0.455,0.318,11,-10.825,0,0.0351,0.532,0.00115,0.108,0.424,146.522,4
spotify:track:6okZsgUvC54hSJElAapUJp,"The Boy With a Smile","Picture of Bunny Rabbit","Arthur Russell",2023-06-23,240373,11,false,ce4h02wfl7upc1x82kkbes4cd,2026-02-20T14:01:03Z,"art pop,minimalism","Audika Records",0.559,0.441,7,-13.894,1,0.298,0.51,0.00184,0.598,0.29,99.111,4
spotify:track:4Ha29WWPxDyE4nNnpYOkRh,"Voltage","Voltage","Bluematter",2023-07-07,293866,1,false,ce4h02wfl7upc1x82kkbes4cd,2026-02-20T14:01:14Z,"jungle,breakbeat","Western Lore",0.511,0.744,9,-8.964,0,0.0583,0.282,0.904,0.0936,0.299,163.981,4
spotify:track:3lNEQSXLlYdxVt0UZKuBGF,"Come True","Come True","Florian Kupfer;Torn Hawk",2023-06-02,365162,1,false,ce4h02wfl7upc1x82kkbes4cd,2026-02-20T14:01:22Z,"lo-fi house,idm","Valcrond Video",0.326,0.752,4,-7.883,1,0.0551,0.00385,0.873,0.106,0.284,79.921,4
spotify:track:1EkXqoEZ8zVG5C6X3EBHJh,"Tar","Butterfly Effect","Forest Swords",2023-07-11,211094,3,false,ce4h02wfl7upc1x82kkbes4cd,2026-02-20T14:01:29Z,"idm","Ninja Tune",0.112,0.41,3,-10.289,0,0.0369,0.955,0.859,0.259,0.0386,79.54,3
spotify:track:06jumlCYVUzuHefnbohCfd,"Grasshopper","Unearth","Murlo",2021-07-23,228709,9,false,ce4h02wfl7upc1x82kkbes4cd,2026-02-20T14:01:40Z,"uk funky,uk garage","Coil Records",0.388,0.345,9,-12.876,1,0.032,0.294,0.606,0.101,0.0388,134.011,4
spotify:track:4TrfcCaLh5cBP7Rc2X1c1p,"Belleville","Belleville","Laurel Halo;Coby Sey;Lucy Railton;James Underwood",2023-07-12,145281,14,false,ce4h02wfl7upc1x82kkbes4cd,2026-02-20T14:01:56Z,"art pop,ambient,drone,experimental,idm,dark ambient,electroacoustic","Awe",0.281,0.0471,9,-28.372,1,0.0392,0.987,0.819,0.0931,0.173,115.601,4
spotify:track:7lvtC5scO2e6fjk8vakUVq,"Sigh In My Ear","Sigh In My Ear","claire rousay",2023-07-11,322000,5,true,ce4h02wfl7upc1x82kkbes4cd,2026-02-20T14:02:04Z,"musique concrète,electroacoustic,ambient,drone,experimental","Saddle Creek",0.3,0.244,2,-13.931,1,0.0372,0.913,0.87,0.0378,0.0373,119.867,4
spotify:track:6iD9kcWB4h25t7OX8Xk6wT,"Spider-Man 2099 (Miguel O'Hara)","Spider-Man: Across the Spider-Verse (Original Score)","Daniel Pemberton",2023-06-02,62720,49,false,ce4h02wfl7upc1x82kkbes4cd,2026-02-20T14:02:10Z,"soundtrack,score","Sony Classical",0.304,0.341,2,-11.904,1,0.0354,0.0534,0.259,0.137,0.0784,139.761,4
spotify:track:7LsIe6I4xo7hQRFq6jhvXl,"What Do You Do With Memory","Jump On It","Bill Orcutt",2023-04-28,181525,10,false,ce4h02wfl7upc1x82kkbes4cd,2026-02-20T14:02:21Z,"free jazz,experimental jazz,experimental,electroacoustic,avant-garde","Palilalia",0.423,0.273,7,-10.487,1,0.0442,0.854,0.803,0.0876,0.0572,90.803,4
spotify:track:1PHZXTcksYQ2uqP4lEPHPw,"That's The Way","The Black Rider","Tom Waits",1993-01-01,67933,0,false,ce4h02wfl7upc1x82kkbes4cd,2026-02-20T14:02:30Z,"singer-songwriter,southern gothic","Island Records",0.345,0.032,5,-23.916,1,0.0447,0.984,0.00701,0.382,0.222,130.969,3
spotify:track:2MwVTsOxjkBIuIPWGYDXyJ,"Violet","Seal","Seal",1991-06-11,510640,31,false,ce4h02wfl7upc1x82kkbes4cd,2026-02-20T14:02:46Z,"","Warner Records",0.633,0.395,2,-17.148,1,0.0387,0.11,0.191,0.165,0.0377,99.715,4
spotify:track:5zKuvc0NRduND9BEuD3Ajq,"Gentle Man","Synth Thesis","Paul Bley",2021-03-19,170945,6,false,ce4h02wfl7upc1x82kkbes4cd,2026-02-20T14:02:54Z,"free jazz,jazz,cool jazz,hard bop,avant-garde","Postcards Records",0.332,0.0809,3,-20.49,1,0.0765,0.937,0.917,0.11,0.0779,77.303,5
spotify:track:7kz5wYuP7kULlvZ9xfsI59,"Koyaanisqatsi","Koyaanisqatsi","Philip Glass",1983-01-01,209840,45,false,ce4h02wfl7upc1x82kkbes4cd,2026-02-20T14:03:04Z,"minimalism,contemporary classical,classical,neoclassical","Island Records",0.206,0.0367,10,-26.213,1,0.0413,0.68,0.967,0.112,0.0373,65.308,4
spotify:track:2Xs7CP4Gw8wJ8qX8fkrCAB,"Elegia - 2015 Remaster","Low-Life","New Order",1985-05-13,296080,50,false,ce4h02wfl7upc1x82kkbes4cd,2026-02-20T14:03:13Z,"new wave,synthpop,post-punk,madchester","Rhino",0.431,0.44,7,-10.288,1,0.033,0.0515,0.868,0.234,0.0384,76.883,3
spotify:track:5yfNK1ZKXsWhtflOZd3rBX,"Stumble and Fall","Clan Of Xymox","Clan of Xymox",1985-07-01,305000,24,false,ce4h02wfl7upc1x82kkbes4cd,2026-02-20T14:03:21Z,"darkwave,gothic rock,deathrock,post-punk,cold wave,ebm,new wave,industrial","4AD",0.513,0.37,8,-17.108,1,0.032,0.0131,0.0124,0.0991,0.509,131.072,4
spotify:track:6JRQGWU3eaJdCknOmpCQi2,"Searching","Sleeps with the Fishes","Pieter Nooten;Michael Brook",1987-10-12,202960,23,false,ce4h02wfl7upc1x82kkbes4cd,2026-02-20T14:03:34Z,"ambient,contemporary classical,qawwali,sufi","4AD",0.674,0.167,8,-22.702,1,0.0414,0.362,0.848,0.109,0.0922,120.72,4
spotify:track:6wNqYCipN7NuyeWyYh4GSU,"The Lone Man","Trust","Patrick O'Hearn",1995-01-01,201066,15,false,ce4h02wfl7upc1x82kkbes4cd,2026-02-20T14:03:42Z,"new age,ambient,space music","deep cave",0.152,0.152,4,-22.079,0,0.0394,0.902,0.96,0.11,0.0365,135.877,4
spotify:track:3eGgyZaiR7KDgi8Xaj9ulC,"Walking In The Rain","Collection","Flash and the Pan",1995-01-01,208933,0,false,ce4h02wfl7upc1x82kkbes4cd,2026-02-20T14:03:50Z,"","Albert Productions",0.576,0.175,8,-16.024,1,0.0412,0.914,0.14,0.111,0.346,117.57,4
spotify:track:2VQUtkqHTXKY5rm81PZEtk,"I Am Stretched on Your Grave","I Do Not Want What I Haven't Got","Sinéad O'Connor",1990-07-01,333386,39,false,ce4h02wfl7upc1x82kkbes4cd,2026-02-20T14:03:55Z,"","Chrysalis Records",0.712,0.654,8,-8.039,0,0.0667,0.0936,0.0672,0.131,0.548,93.957,4
spotify:track:7p1UtxQ6PX2dpchOg0LHqL,"Poisitive Ruin Court Garden","Annual Flowers in Color","Imaginary Softwoods",2020-03-25,214000,7,false,ce4h02wfl7upc1x82kkbes4cd,2026-02-20T14:04:05Z,"ambient,drone","Mineral Disk",0.3,0.486,6,-16.731,1,0.103,0.986,0.925,0.0983,0.349,179.797,3
spotify:track:5ILFGCywea871oWxLxR9eF,"Hearts","Hearts","Courtesy",2023-02-15,442268,14,false,ce4h02wfl7upc1x82kkbes4cd,2026-02-20T14:04:14Z,"","Kulør",0.354,0.392,6,-14.778,0,0.0308,0.637,0.919,0.13,0.0605,138.003,4
spotify:track:59PlwTgtzELhdGpCyWpXKD,"A Dam Will Always Divide","& the Charm","Avalon Emerson",2023-04-28,533656,0,false,ce4h02wfl7upc1x82kkbes4cd,2026-02-20T14:04:23Z,"","Another Dove",0.186,0.798,4,-8.45,1,0.0957,0.0728,0.772,0.171,0.228,130.838,4
spotify:track:309vkrkSuy5NNmloyXdxM2,"Late Fragment","Atlas of Green","Dialect",2024-09-20,271877,18,false,ce4h02wfl7upc1x82kkbes4cd,2026-02-20T14:04:57Z,"electroacoustic,ambient jazz,experimental jazz,ambient,experimental","RVNG Intl.",0.19,0.379,2,-11.455,1,0.0345,0.751,0.356,0.137,0.0425,62.133,4
spotify:track:4HYRYewiGEHaHF9Pfl50PP,"The Pure and the Damned","Good Time Original Motion Picture Soundtrack","Oneohtrix Point Never;Iggy Pop",2017-08-11,269461,38,false,ce4h02wfl7upc1x82kkbes4cd,2026-02-20T14:05:20Z,"plunderphonics,idm,drone,ambient,experimental,vaporwave,proto-punk,glam rock","Warp Records",0.254,0.194,11,-15.511,1,0.0351,0.358,0.794,0.0831,0.0393,102.155,3
spotify:track:00au1DVUy63ZPKDmI6NWyo,"Беги от меня","Беги от меня","Gosti iz Budushchego",1999-01-01,303640,0,false,ce4h02wfl7upc1x82kkbes4cd,2026-02-20T14:05:26Z,"","Первое Музыкальное Издательство",0.717,0.872,1,-6.181,0,0.0789,0.225,0.0139,0.0934,0.804,125.177,4
spotify:track:4G316jgYbgxSagagLzEW7G,"Without Stopping","Beat","Bowery Electric",1996-11-12,313960,38,false,ce4h02wfl7upc1x82kkbes4cd,2026-02-20T14:05:36Z,"shoegaze,trip hop,slowcore,downtempo,drone,dream pop,post-rock","kranky",0.696,0.488,9,-16.593,1,0.0451,0.133,0.716,0.105,0.669,141.064,4
spotify:track:6VoTmWBrfQmxhiLa7mOn46,"Big Deal","Big Deal","Tiberius b",2021-05-05,258336,10,true,ce4h02wfl7upc1x82kkbes4cd,2026-02-20T14:05:44Z,"lo-fi indie","Zelig Records",0.696,0.571,1,-5.472,1,0.0545,0.0285,0,0.0917,0.456,136.036,4
spotify:track:0SpdCj83hKPcwTqNzUkWXr,"Wise Up","Bachelor, No. 2 (Or, The Last Remains of the Dodo) [20th Anniversary Edition]","Aimee Mann",2000-05-02,221870,43,false,ce4h02wfl7upc1x82kkbes4cd,2026-02-20T14:05:54Z,"","Super Ego Records",0.473,0.369,2,-9.443,1,0.0294,0.896,0.0539,0.122,0.183,126.474,4
spotify:track:4RjwMyr4D2W4py79Heop9l,"Holding On","Devotion","Tirzah",2018-08-10,199733,45,false,ce4h02wfl7upc1x82kkbes4cd,2026-02-20T14:06:04Z,"alternative r&b","Domino Recording Co",0.789,0.437,5,-10.471,0,0.0338,0.035,0.00336,0.12,0.634,120.013,4
spotify:track:00HDuToECyT9vUsuOyw4CU,"Bring Me The Head Of Paul McCartney On Heather Mill's Wooden Peg (Dropping Bombs On The White House)","My Bloody Underground","The Brian Jonestown Massacre",2008-03-17,387546,5,true,ce4h02wfl7upc1x82kkbes4cd,2026-02-20T14:06:10Z,"neo-psychedelic,psychedelic rock,shoegaze,space rock","'a' Records",0.699,0.506,7,-16.144,1,0.0332,0.72,0.744,0.113,0.813,105.405,4
spotify:track:7LeRKiKemT9aUXocHSeDqh,"Wadaha","Comores : chants de femmes","Zainaba",2005,374160,12,false,ce4h02wfl7upc1x82kkbes4cd,2026-02-20T14:06:16Z,"maloya","Buda musique",0.671,0.224,3,-15.661,0,0.19,0.671,0,0.544,0.585,109.885,4
spotify:track:3ci95cJaK7fYZN3o9YBTXf,"Rothko Chapel 5","Rothko Chapel","Morton Feldman",1991,172866,35,false,ce4h02wfl7upc1x82kkbes4cd,2026-02-20T14:06:22Z,"minimalism,contemporary classical,avant-garde,musique concrète,electroacoustic,drone","New Albion Records",0.168,0.00198,9,-40.147,0,0.0493,0.98,0.957,0.104,0.0279,69.344,3
spotify:track:5zVfpBu8lSuUZ8XmrjrKKU,"It's A Dream - DJ Manian Vs. Yanou Vocal Radio Cut","Eye Of A Champ","DJ Dean",2006-11-24,171946,42,false,ce4h02wfl7upc1x82kkbes4cd,2026-02-20T14:06:29Z,"trance,eurodance","Tunnel Records",0.39,0.924,6,-13.669,1,0.25,0.0000241,0.715,0.277,0.0764,142.081,4
spotify:track:6F4DP8xkBn181cCHCzOr3s,"BDG","Triad","Triad God",2019-03-01,162000,12,false,ce4h02wfl7upc1x82kkbes4cd,2026-02-20T14:06:40Z,"cloud rap","Presto!?",0.514,0.212,0,-14.612,1,0.0787,0.627,0.241,0.126,0.0506,85.351,4
spotify:track:4FEWSzpflwx3XQLMn50ZxF,"My Friend","TINKERBELL","Palmistry;Nation",2022-10-28,120000,16,false,ce4h02wfl7upc1x82kkbes4cd,2026-02-20T14:06:51Z,"electroclash,witch house","Paranormale",0.385,0.232,8,-19.689,1,0.0492,0.877,0.895,0.112,0.0983,114.778,4
spotify:track:7g5bHn9p7Y1Z9mM4lVoxPx,"The Primrose Path","The Primrose Path","Jonathan Bree",2013-06-21,240466,16,false,ce4h02wfl7upc1x82kkbes4cd,2026-02-20T14:07:03Z,"","Lil' Chief Records",0.516,0.421,9,-9.611,0,0.0247,0.456,0.0599,0.13,0.227,96.022,4
spotify:track:6MCsV3CMhc2yY5BJQ0DZgm,"Down by the Tree","Down by the Tree","Pearl City",2019-03-29,237239,3,false,ce4h02wfl7upc1x82kkbes4cd,2026-02-20T14:07:10Z,"","Sunday Best Recordings",0.382,0.747,5,-6.788,0,0.0377,0.017,0.0000319,0.0906,0.311,139.945,4
spotify:track:03OCFax86ZZBeV810SpSJb,"Wings Are Growing","Wings Are Growing","Casey MQ",2019-10-24,256000,5,false,ce4h02wfl7upc1x82kkbes4cd,2026-02-20T14:07:17Z,"","Online Friends",0.738,0.923,0,-6.006,1,0.0584,0.00184,0.333,0.0762,0.636,127.96,4
spotify:track:185EiYT58r61hdnHxjKVzT,"Song of Abayi","Ethiopiques, vol. 21: Emahoy (Piano Solo)","Emahoy Tsege Mariam Gebru",2006,193413,48,false,ce4h02wfl7upc1x82kkbes4cd,2026-02-20T14:07:32Z,"ethiopian jazz","Buda musique",0.347,0.102,8,-17.94,1,0.0437,0.995,0.858,0.115,0.126,66.982,3
spotify:track:2doGIz4wR7PcwMaxozMEdA,"So Pay La","Triad","Triad God",2019-03-01,149500,18,false,ce4h02wfl7upc1x82kkbes4cd,2026-02-20T14:08:27Z,"cloud rap","Presto!?",0.282,0.0162,1,-21.792,0,0.0399,0.984,0.495,0.0779,0.0706,137.339,4
spotify:track:2LduVt26470yZZRchzIYwh,"Waterfall End Sequence","Advanced Myth","Dialect",2022-09-30,158741,8,false,ce4h02wfl7upc1x82kkbes4cd,2026-02-20T14:08:37Z,"electroacoustic,ambient jazz,experimental jazz,ambient,experimental","RVNG Intl.",0.327,0.467,10,-16.504,1,0.0375,0.966,0.949,0.0909,0.359,138.281,4
spotify:track:0Q5K7iQKszi6dAN3F3Vn4s,"Xzit","Revealer","DJH",2021-10-01,65553,5,false,ce4h02wfl7upc1x82kkbes4cd,2026-02-20T14:08:46Z,"electroclash,hyperpop,witch house","Sanguine Transmission",0.297,0.291,6,-13.749,1,0.0689,0.922,0.665,0.374,0.0939,215.773,4
spotify:track:3hBD6jPFwwrm7s5kGgouoe,"I'm Every Sparkly Woman","~~~","Ana Roxanne",2019-03-15,143146,0,false,ce4h02wfl7upc1x82kkbes4cd,2026-02-20T14:08:55Z,"ambient","Leaving Records",0.342,0.339,8,-15.649,1,0.0403,0.979,0.961,0.0853,0.119,109.088,4
spotify:track:31KH0IWYTUkPXzQkJOk1tR,"Happiest Girl - The Pulsating Orbital Vocal Mix","Violator | The 12"" Singles","Depeche Mode;Dr. Alex Paterson;Thrash",2022-04-01,480807,18,false,ce4h02wfl7upc1x82kkbes4cd,2026-02-20T14:09:03Z,"new wave,synthpop,darkwave","Legacy Recordings",0.66,0.626,7,-12.282,1,0.0529,0.0561,0.224,0.12,0.521,118.004,4
spotify:track:1p3IE1R5MduhmMxlYLRFh2,"Aylluman Cutiripuna","Ruphay y Luzmila Carpio (Bolivia y Su Folklore)","Ruphay;Luzmila Carpio",2015-01-12,165000,4,false,ce4h02wfl7upc1x82kkbes4cd,2026-02-20T14:09:09Z,"folclor andino,huayno,latin folklore,native american music,electrocumbia","Heriba",0.788,0.135,4,-17.765,0,0.053,0.576,0.0000133,0.178,0.127,134.595,3
spotify:track:07eGxuz8bL6QMsRqEe1Adu,"Svefn-g-englar","Ágætis byrjun","Sigur Rós",1999-06-12,606850,58,false,ce4h02wfl7upc1x82kkbes4cd,2026-02-20T14:09:18Z,"post-rock,dream pop","Krunk",0.203,0.467,9,-12.296,1,0.0452,0.554,0.698,0.108,0.0591,135.073,3
spotify:track:5NtishSRrPOOySdQ1fAgl1,"Stay","Darklife","death's dynamic shroud",2022-09-27,312187,14,false,ce4h02wfl7upc1x82kkbes4cd,2026-02-20T14:09:43Z,"vaporwave,plunderphonics","100% Electronica",0.176,0.689,4,-9.876,1,0.0505,0.0615,0.188,0.156,0.0776,77.92,3
spotify:track:3msmSz7VvDyFVjr2gDLtws,"suck me disco","throbbing disco cat","Takkyu Ishino",1999,373493,12,false,ce4h02wfl7upc1x82kkbes4cd,2026-02-20T14:09:49Z,"j-dance","Sony Music Labels Inc.",0.746,0.882,6,-8.969,1,0.0611,0.0435,0.93,0.114,0.727,134.347,4
spotify:track:0gSijSMul2HxjhzM6AYIyg,"that which could hurt ourselves","if i could be an empty portal unto my love","Oxhy",2021-08-25,179768,4,false,ce4h02wfl7upc1x82kkbes4cd,2026-02-20T14:09:57Z,"experimental","2161875 Records DK",0.37,0.633,2,-8.209,1,0.0383,0.0795,0.765,0.196,0.111,130.52,4
spotify:track:5HZ5sLbEGizBzFsWQUWrsu,"Airlifted","Wow and Flutter","Delia Derbyshire Appreciation Society",2018-10-26,353019,9,false,ce4h02wfl7upc1x82kkbes4cd,2026-02-20T14:10:07Z,"ambient","Six Degrees",0.192,0.0313,3,-30.26,1,0.0413,0.963,0.792,0.121,0.132,105.391,3
spotify:track:0GCMj2v1lVDLyuVp3j54Cr,"Soon It Will Be Fire","Sapphie","Richard Youngs",1998-01-01,557293,13,false,ce4h02wfl7upc1x82kkbes4cd,2026-02-20T14:10:17Z,"experimental","Jagjaguwar",0.299,0.285,4,-13.854,1,0.0337,0.902,0.264,0.109,0.198,135.703,4
spotify:track:7fJArTjeyg9l8UMYi3DUJ1,"Stained Materials","Stained Materials","Blackhaine",2022-04-21,263156,14,true,ce4h02wfl7upc1x82kkbes4cd,2026-02-20T14:10:25Z,"experimental hip hop","Fixed Abode",0.407,0.387,11,-10.821,1,0.357,0.102,0.000106,0.0936,0.0395,90.849,4
spotify:track:7MMHXZAMavcZW2r1NyUPGX,"Ca plane pour moi","Carousel","Leila K",1993-01-01,349133,30,false,ce4h02wfl7upc1x82kkbes4cd,2026-02-20T14:10:33Z,"eurodance","Playground Music",0.377,0.977,10,-6.74,0,0.0492,0.000102,0.0479,0.313,0.85,179.245,4
spotify:track:16xXXFVBa3aBCAqHjmWPYy,"Notice the Direction of Fires - felicita live remix","Notice the Direction of Fires","Yawning Portal;felicita",2022-04-01,636000,7,false,ce4h02wfl7upc1x82kkbes4cd,2026-02-20T14:10:39Z,"hyperpop","Yawning Portal",0.274,0.696,11,-10.878,1,0.0549,0.653,0.853,0.153,0.12,98.517,4
spotify:track:2gEvHiXkfeKl2cM3xcwXBt,"Krásný nový ráno","Není se na co těšit","post-hudba",2019-03-21,121775,0,false,ce4h02wfl7upc1x82kkbes4cd,2026-02-20T14:10:57Z,"","Full Moon Forum",0.327,0.364,11,-13.213,0,0.0832,0.77,0.18,0.0952,0.187,159.863,5
spotify:track:2xxjQg2hh2Rjm7EY9OhZXY,"Agony","Stranger","Yung Lean",2017-11-10,214173,64,false,ce4h02wfl7upc1x82kkbes4cd,2026-02-20T14:11:05Z,"cloud rap","YEAR0001",0.585,0.166,11,-17.194,1,0.0334,0.942,0.0069,0.103,0.322,99.916,4
spotify:track:2GKxyUw8MQNvc0EP4016Yg,"What Goes On","The Velvet Underground (45th Anniversary)","The Velvet Underground",1969,293813,43,false,ce4h02wfl7upc1x82kkbes4cd,2026-02-20T14:11:42Z,"proto-punk,art rock","Polydor",0.402,0.472,2,-9.484,1,0.0329,0.0000198,0.483,0.0906,0.259,119.36,4
spotify:track:5ZIiS4egchKZiUTYP7tM1T,"Xосhesh?","2к19","Sasha Vosk",2019-04-26,262005,3,true,ce4h02wfl7upc1x82kkbes4cd,2026-02-20T14:11:54Z,"","Sasha Vosk",0.348,0.489,0,-11.541,1,0.0392,0.202,0.0123,0.142,0.0752,97.136,1
spotify:track:3m8lTUL5GxGUNSaycI77ND,"Sunshine On My Shoulders","Poems, Prayers and Promises","John Denver",1971,316015,60,false,ce4h02wfl7upc1x82kkbes4cd,2026-02-20T14:12:04Z,"folk","RCA/Legacy",0.322,0.168,10,-13.893,1,0.0336,0.915,0.000223,0.117,0.259,146.68,4
spotify:track:1GSoTgzYMRYI8yZM056Sml,"miu","miu","Marina Herlop",2021-09-10,243765,16,false,ce4h02wfl7upc1x82kkbes4cd,2026-02-20T14:12:09Z,"experimental,art pop","PAN",0.545,0.298,8,-14.276,1,0.0783,0.911,0.0193,0.122,0.22,149.744,5
spotify:track:05lW0htj72vut2to8MWRKT,"Strong Willed","Blue","Pavel Milyakov;Yana Pavlova",2021-07-26,326805,0,false,ce4h02wfl7upc1x82kkbes4cd,2026-02-20T14:12:24Z,"ambient,experimental","psy x records",0.181,0.176,0,-19.709,1,0.048,0.907,0.855,0.0789,0.0849,79.638,3
spotify:track:1lNBXrBI3ePSq9WIg9rYgG,"Las Alamedas","Fiat Lux","Tarta Relena",2021-10-15,220828,21,false,ce4h02wfl7upc1x82kkbes4cd,2026-02-20T14:12:45Z,"","La Castanya",0.594,0.174,6,-13.67,0,0.0501,0.9,0.000229,0.0956,0.157,133.018,3
spotify:track:3IRg9zkJmvUhb80JgwzXSm,"Me yelassan","Fiat Lux","Tarta Relena",2021-10-15,151514,14,false,ce4h02wfl7upc1x82kkbes4cd,2026-02-20T14:12:49Z,"","La Castanya",0.596,0.537,10,-9.998,0,0.709,0.271,0.00000291,0.276,0.363,73.378,4
spotify:track:2vO4yayifWs05RTpub6TYn,"Rats","Jazz Mind","Ed Schrader's Music Beat",2012-06-25,102880,0,false,ce4h02wfl7upc1x82kkbes4cd,2026-02-20T14:13:03Z,"","Upset The Rhythm",0.503,0.63,9,-8.274,1,0.0923,0.415,0.85,0.11,0.487,85.771,4
spotify:track:6Tn9tfE5PdVMkJy98Xpjht,"В темную нічку","AZOV I","Osonnya Choir;Whaler",2022-03-25,284000,3,false,ce4h02wfl7upc1x82kkbes4cd,2026-02-20T14:16:05Z,"","Mystictrax",0.169,0.348,8,-14.233,0,0.0355,0.983,0.134,0.103,0.0382,105.232,4
spotify:track:7fuKPn33GxRh62aC8n71M3,"A Rose Blooms in Chaos","A Rose Blooms in Chaos","Davishmar",2022-01-02,116819,0,true,ce4h02wfl7upc1x82kkbes4cd,2026-02-20T14:16:22Z,"","DKH SOUNDS",0.311,0.444,6,-10.803,1,0.0667,0.915,0.0514,0.157,0.734,74.581,3
spotify:track:0D097JckWpk2HUPtpGlI4A,"Разрушительный круг","January Sun","Kedr Livanskiy",2016-02-19,328327,0,false,ce4h02wfl7upc1x82kkbes4cd,2026-02-20T14:16:42Z,"","2MR",0.671,0.338,9,-12.604,0,0.0654,0.135,0.243,0.0995,0.044,120.091,4
spotify:track:0NGCFZaKB4WgUooVaAW4l8,"MANNA","AUG Freestyle / MANNA","Babyfather;John Glacier;Vegyn",2020-07-22,104347,39,false,ce4h02wfl7upc1x82kkbes4cd,2026-02-20T14:16:51Z,"experimental hip hop,idm","World Music",0.76,0.587,6,-7.397,1,0.386,0.766,0.00000935,0.109,0.181,92.127,4
spotify:track:5nhCNDNbudIii09s8L6aFs,"Dance Tonight Revolution Tomorrow","Scacco Matto","Lorenzo Senni",2020-04-24,452853,0,false,ce4h02wfl7upc1x82kkbes4cd,2026-02-20T14:17:13Z,"idm,glitch","Warp Records",0.836,0.461,0,-11.961,0,0.0879,0.902,0.891,0.0989,0.608,130.043,4
spotify:track:5FqJqlbEaeEnRe7T8O8n2g,"I Think I Am","Motion","Sky H1",2016-07-22,213706,20,false,ce4h02wfl7upc1x82kkbes4cd,2026-02-20T14:17:26Z,"idm,ambient,experimental","Codes",0.155,0.444,4,-6.049,0,0.0352,0.000134,0.883,0.124,0.0952,83.058,1
spotify:track:4rlepsQ5M0i4AcvJWKe5W2,"AS U Will Be Fine","Tearless","Amnesia Scanner",2020-06-19,241999,9,false,ce4h02wfl7upc1x82kkbes4cd,2026-02-20T14:17:35Z,"experimental,avant-garde,idm","PAN",0.454,0.255,0,-11.894,1,0.0426,0.486,0.808,0.0969,0.191,119.696,4
spotify:track:3KYC7CK4Itjy7UXn1BaW67,"Frontier","PROTO","Holly Herndon",2019-05-10,269078,26,false,ce4h02wfl7upc1x82kkbes4cd,2026-02-20T14:17:43Z,"art pop,experimental,avant-garde,electroacoustic","4AD",0.467,0.575,5,-6.694,0,0.0414,0.00253,0.0000693,0.354,0.168,140.052,4
spotify:track:6dugx9WBSS8TDxbKqp9zmj,"Scatman's World","Scatman's World","Scatman John",1995-06-01,225133,55,false,ce4h02wfl7upc1x82kkbes4cd,2026-02-20T14:18:01Z,"eurodance","Iceberg Records",0.704,0.874,11,-10.801,0,0.0568,0.0706,0.00000484,0.0947,0.939,146.989,4
spotify:track:2jdMeW0QZiAUNQ3XLTMvDJ,"I'm Not Always So Stupid","George Best Plus","The Wedding Present",1997-10-13,246106,19,false,ce4h02wfl7upc1x82kkbes4cd,2026-02-20T14:18:11Z,"jangle pop,madchester","[PIAS]",0.456,0.822,9,-8.87,1,0.0385,0.00293,0.499,0.183,0.604,150.961,4
spotify:track:2jgErqhcxuyF3atshmNE3F,"Out of Sight","Rap Album Two","Jonwayne",2017-02-17,267707,0,false,ce4h02wfl7upc1x82kkbes4cd,2026-02-20T14:18:29Z,"jazz rap","Authors / The Order Label",0.662,0.602,8,-9.2,1,0.0443,0.922,0.139,0.108,0.438,167.974,4
spotify:track:6MGiOgeG0vGzT5SpxagdQF,"I Wanna Be Your Dog (Extended Psych Version)","I Wanna Be Your Dog","Iggy Pop",2011-02-01,406095,16,false,ce4h02wfl7upc1x82kkbes4cd,2026-02-20T14:18:37Z,"proto-punk,glam rock","Cleopatra Records",0.369,0.814,4,-6.481,0,0.0378,0.00000268,0.686,0.8,0.395,135.038,4
spotify:track:1ClhfFdnRlIAgC1KwKCV3i,"Capriccio and the Innovative Composor","Symbol (Skintone Series)","Susumu Yokota",2022-04-08,122124,7,false,ce4h02wfl7upc1x82kkbes4cd,2026-02-20T14:18:48Z,"ambient,idm,drone","Lo Recordings",0.595,0.688,1,-9.426,1,0.0341,0.377,0.93,0.149,0.924,146.202,4
spotify:track:0GPXGtX28USQZJGWct9Sxd,"Ophiushi","Music for Artificial Clouds","The Young Gods",2004-03-16,285506,3,false,ce4h02wfl7upc1x82kkbes4cd,2026-02-20T14:18:56Z,"industrial rock,industrial,industrial metal,ebm","Two Gentlemen",0.365,0.00458,5,-25.686,1,0.0546,0.317,0.905,0.075,0.0299,66.852,4
spotify:track:5Rt6jjL61Dr6pz4yrntNc7,"War On Peace","Damage And Joy","The Jesus and Mary Chain",2017-04-04,274453,0,false,ce4h02wfl7upc1x82kkbes4cd,2026-02-20T14:19:14Z,"shoegaze,post-punk,dream pop,noise rock,new wave","Artificial Plastic",0.427,0.679,4,-6.934,1,0.0297,0.000599,0.0914,0.0859,0.224,79.667,4
spotify:track:325ipyWkzIGakH2DJgDlOT,"Happy When It Rains","Darklands (Expanded Version)","The Jesus and Mary Chain",1987-08-31,217312,47,false,ce4h02wfl7upc1x82kkbes4cd,2026-02-20T14:19:20Z,"shoegaze,post-punk,dream pop,noise rock,new wave","Rhino",0.499,0.84,10,-6.642,1,0.0346,0.000564,0.171,0.238,0.732,125.319,4
spotify:track:6GXc2suLoUJxYfzghNva2K,"Replay","Devotion (Deluxe)","Planet 1999",2021-01-06,173506,29,false,ce4h02wfl7upc1x82kkbes4cd,2026-02-20T14:19:38Z,"hyperpop","[PIAS]",0.723,0.673,4,-6.934,1,0.053,0.422,0.0082,0.0763,0.646,170.012,4
spotify:track:2nLtzopw4rPReszdYBJU6h,"Numb","Meteora","Linkin Park",2003-03-25,187520,87,false,ce4h02wfl7upc1x82kkbes4cd,2026-02-20T14:19:50Z,"nu metal,rap metal,rock,alternative metal","Warner Records",0.488,0.87,6,-4.185,0,0.0421,0.00353,0,0.484,0.211,110.072,4
spotify:track:2P79o8njc5X9NbgiGbRwpx,"Sweet Harmony","Sweet Harmony","Liquid",1992,262026,54,false,ce4h02wfl7upc1x82kkbes4cd,2026-02-20T14:19:57Z,"acid house,breakbeat","XL Recordings",0.586,0.957,9,-4.519,0,0.0422,0.0578,0.87,0.0595,0.475,135.073,4
spotify:track:4TnxczEii2UiuGl1MUFgwv,"Infinite Future","Love + Light","Daniel Avery",2020-06-26,404843,14,false,ce4h02wfl7upc1x82kkbes4cd,2026-02-20T14:20:05Z,"idm,acid house","Phantasy Sound / [PIAS]",0.456,0.702,2,-14.439,1,0.0386,0.0000324,0.937,0.104,0.527,147.995,4
spotify:track:5FTOJvfIyG6gVJ8tAZw2JH,"LED (лёд)","Your Need","Kedr Livanskiy",2019-05-03,172324,0,false,ce4h02wfl7upc1x82kkbes4cd,2026-02-20T14:20:14Z,"","2MR",0.492,0.771,9,-5.61,0,0.0389,0.121,0.00699,0.225,0.224,104.943,4
spotify:track:2ZrCLJz5UGbJCW2JK2OgkK,"Inspirit","Healing Is A Miracle","Julianna Barwick",2020-07-10,252735,41,false,ce4h02wfl7upc1x82kkbes4cd,2026-02-20T14:20:21Z,"ambient,drone,art pop","Ninja Tune",0.168,0.366,11,-11.738,1,0.0311,0.951,0.936,0.11,0.0388,88.995,4
spotify:track:7vPHiwgCOAjSBRjAirbMvS,"Sea, Swallow Me","The Moon and the Melodies","Cocteau Twins;Harold Budd",1986-11-10,189040,64,false,ce4h02wfl7upc1x82kkbes4cd,2026-02-20T14:20:31Z,"dream pop,shoegaze,gothic rock,ambient,minimalism","4AD",0.454,0.673,0,-13.425,1,0.0265,0.589,0.238,0.252,0.827,163.954,3
spotify:track:7wcEiOyLFctDYg3glMRdfj,"Eperdu - Remastered 2006","Treasure Hiding: The Fontana Years","Cocteau Twins",2018-10-05,281413,11,false,ce4h02wfl7upc1x82kkbes4cd,2026-02-20T14:20:44Z,"dream pop,shoegaze,gothic rock","UMC (Universal Music Catalogue)",0.141,0.589,11,-7.364,1,0.0327,0.925,0.922,0.21,0.306,65.641,4
spotify:track:4a71A6mEILyRzQCvfSlaGn,"FLAMA","Smoke / FLAMA","Gal Go;Tom Grey",2021-02-23,157443,4,false,ce4h02wfl7upc1x82kkbes4cd,2026-02-20T14:20:58Z,"","Good Question",0.339,0.796,5,-9.545,1,0.0702,0.00663,0.718,0.0987,0.0855,147.833,4
spotify:track:4QotlaBOD7YSpMvas0dqJv,"Sway","Collage","Dmitry Evgrafov",2015-10-16,156084,37,false,ce4h02wfl7upc1x82kkbes4cd,2026-02-20T14:21:08Z,"neoclassical,contemporary classical,minimalism","130701",0.433,0.033,8,-22.214,1,0.0413,0.992,0.917,0.0989,0.0818,86.185,4
spotify:track:2Rj5TXc2G7sv7rAqJntMgn,"Function","Function","6 Senz",2017-10-31,225358,43,true,ce4h02wfl7upc1x82kkbes4cd,2026-02-20T14:21:13Z,"drift phonk,phonk","1402386 Records DK",0.854,0.416,0,-10.474,1,0.105,0.121,0.213,0.106,0.38,130.002,4
spotify:track:6zhIggBIwW9RfwRvYKgIlb,"An Evening Of Contemporary Sitar Music - Live","Dreamweapon (Remastered)","Spacemen 3",2018,2657776,7,false,ce4h02wfl7upc1x82kkbes4cd,2026-02-20T14:21:23Z,"space rock,neo-psychedelic,shoegaze,psychedelic rock,dream pop","Space Age Recordings",0.269,0.104,2,-19.632,1,0.0527,0.996,0.968,0.0843,0.028,181.847,4
spotify:track:3zUKCWesKho55Jm6e6JPpV,"The Sound Of Confusion","Taking Drugs To Make Music To Take Drugs To (Remastered)","Spacemen 3",1990,354940,15,false,ce4h02wfl7upc1x82kkbes4cd,2026-02-20T14:21:31Z,"space rock,neo-psychedelic,shoegaze,psychedelic rock,dream pop","Space Age Recordings",0.0835,0.842,7,-6.347,1,0.0506,0.0000109,0.903,0.227,0.441,171.052,3
spotify:track:12iOM7n1XHIdxK1fRBJMs7,"Beat","Beat","Bowery Electric",1996-11-12,436160,40,false,ce4h02wfl7upc1x82kkbes4cd,2026-02-20T14:21:41Z,"shoegaze,trip hop,slowcore,downtempo,drone,dream pop,post-rock","kranky",0.507,0.444,2,-16.776,1,0.043,0.286,0.919,0.0791,0.255,99.901,4
spotify:track:4rv3UTtKes3ICbrUAV3XWy,"Helix - Edit","Helix (Edit)","Kelly Moran",2018-09-06,285314,0,false,ce4h02wfl7upc1x82kkbes4cd,2026-02-20T14:21:48Z,"ambient,experimental,electroacoustic,neoclassical","Warp Records",0.369,0.485,3,-14.625,0,0.0374,0.509,0.972,0.109,0.0935,113.129,3
spotify:track:2DDEwBhKW7yvQJedcb9CT7,"The Magic Place","The Magic Place","Julianna Barwick",2011-02-11,231080,37,false,ce4h02wfl7upc1x82kkbes4cd,2026-02-20T14:21:56Z,"ambient,drone,art pop","Florid Recordings",0.126,0.22,3,-15.255,1,0.0337,0.983,0.965,0.197,0.0376,61.109,4
spotify:track:4XCGfHpGVq8xw800o5cwWs,"Les Fleurs","Come To My Garden","Minnie Riperton",1970-11-01,199293,65,false,ce4h02wfl7upc1x82kkbes4cd,2026-02-20T14:22:02Z,"","CAPITOL CATALOG MKT (C92)",0.441,0.499,6,-9.453,1,0.0484,0.665,0.00000287,0.211,0.513,151.878,4
spotify:track:5mexrjqF4owEPNdYH17mek,"Wait For Now - Mary Lattimore Rework","To Believe (Remixes)","The Cinematic Orchestra;Tawiah;Mary Lattimore",2020-03-06,410839,40,false,ce4h02wfl7upc1x82kkbes4cd,2026-02-20T14:22:09Z,"nu jazz,downtempo,soul jazz,ambient,art pop","Ninja Tune",0.359,0.284,3,-16.287,1,0.0326,0.823,0.425,0.148,0.128,130.574,4
spotify:track:3tLvxAAZi8EWFT5fW6R763,"Dreaming of the Kelly Pool","Dreaming of the Kelly Pool","Mary Lattimore;Paul Sukeena",2020-05-28,235231,0,false,ce4h02wfl7upc1x82kkbes4cd,2026-02-20T14:22:20Z,"ambient,art pop","Mexican Summer",0.193,0.157,0,-15.509,1,0.0382,0.92,0.827,0.0923,0.0644,87.241,4
spotify:track:3ArnNhm8z0ScjDKfGHSBRk,"Hard Drive","An Overview on Phenomenal Nature","Cassandra Jenkins",2021-02-19,327440,32,false,ce4h02wfl7upc1x82kkbes4cd,2026-02-20T14:22:26Z,"","Ba Da Bing!",0.589,0.627,9,-11.463,1,0.0359,0.299,0.566,0.0747,0.555,106.999,4
spotify:track:5C0pECjyE8yLH91eBB6noT,"I Want You","Lazer Guided Melodies","Spiritualized",1992-03-30,226706,25,false,ce4h02wfl7upc1x82kkbes4cd,2026-02-20T14:22:36Z,"neo-psychedelic,space rock,shoegaze,dream pop","Fat Possum",0.414,0.538,7,-13.927,1,0.0336,0.00149,0.831,0.214,0.355,115.713,4
spotify:track:23UR03W03HWH1HFcF4rz9Z,"Higher Than the Sun - Higher Than the Orb Mix","Screamadelica","Primal Scream",1991-09-23,216706,39,false,ce4h02wfl7upc1x82kkbes4cd,2026-02-20T14:22:44Z,"madchester,britpop,alternative dance","Creation Records",0.472,0.64,1,-14.452,1,0.0644,0.0205,0.116,0.0732,0.406,162.75,4
spotify:track:5mmDEjbiWMP4cQoZxOfxen,"Set Me Free - Reprise","Recurring (Original)","Spacemen 3",2004,110666,8,false,ce4h02wfl7upc1x82kkbes4cd,2026-02-20T14:22:53Z,"space rock,neo-psychedelic,shoegaze,psychedelic rock,dream pop","Space Age Recordings",0.559,0.334,9,-12.686,1,0.0469,0.7,0.0305,0.15,0.0544,93.182,4
spotify:track:2SfoxWr00HN0iYpxyVDMyQ,"Atmosphere","Covers","James Blake",2020-12-11,237984,37,false,ce4h02wfl7upc1x82kkbes4cd,2026-02-20T14:23:03Z,"","Republic Records / Polydor Records",0.531,0.218,0,-15.812,1,0.0378,0.957,0.441,0.121,0.202,115.306,4
spotify:track:1hLYtl2oWocxPGSDsmsgKN,"將愛","將愛","Faye Wong",2003-11-07,248546,27,false,ce4h02wfl7upc1x82kkbes4cd,2026-02-20T14:23:10Z,"cantopop,mandopop,c-pop,taiwanese pop,chinese indie","KC Digital",0.596,0.626,10,-9.357,0,0.0366,0.0016,0.00469,0.118,0.155,122.998,4
spotify:track:7InHgiDyJ0GtvnIVslWNPK,"I'm Not In Love","Blood","Kelsey Lu",2019-04-19,414466,51,false,ce4h02wfl7upc1x82kkbes4cd,2026-02-20T14:23:14Z,"alternative r&b","Columbia",0.191,0.441,4,-13.191,1,0.0751,0.588,0.0993,0.11,0.0409,86.073,3
spotify:track:5L2STOBiS00u7q4aLtRjKK,"Nowhere Near","Painful","Yo La Tengo",1993-10-05,363973,50,false,ce4h02wfl7upc1x82kkbes4cd,2026-02-20T14:23:20Z,"dream pop,slowcore","Matador",0.431,0.233,9,-15.242,1,0.0288,0.832,0.848,0.099,0.085,81.183,4
spotify:track:2JIVtls9Jf9nAosUbFzbyw,"Tonight","Colour Green","Sibylle Baier",2006-01-01,146626,43,false,ce4h02wfl7upc1x82kkbes4cd,2026-02-20T14:23:29Z,"folk","Orange Twin",0.576,0.0941,5,-14.713,0,0.0457,0.976,0.000275,0.109,0.151,120.017,3
spotify:track:3TaZhS3ZMeck9eVtD8LAgY,"i believe in you","i believe in you","Hand Habits",2021-02-10,250226,0,false,ce4h02wfl7upc1x82kkbes4cd,2026-02-20T14:23:51Z,"","Saddle Creek",0.397,0.271,10,-13.365,1,0.0298,0.88,0.000449,0.0961,0.112,139.841,4
spotify:track:21M3Nfmqw8AZnLgFWHtskL,"As Much as Possible","No Home of the Mind","Bing & Ruth",2017-02-17,340276,35,false,ce4h02wfl7upc1x82kkbes4cd,2026-02-20T14:24:02Z,"ambient,neoclassical,drone,minimalism","4AD",0.13,0.019,1,-30.574,1,0.0494,0.937,0.889,0.122,0.034,71.817,4
spotify:track:3uUIs9wkvqZ1EzIhos7wlV,"Leave - Jenny Hval Remix","IMMEDIATELY Remixes","Perfume Genius;Jenny Hval",2021-03-12,217307,6,false,ce4h02wfl7upc1x82kkbes4cd,2026-02-20T14:24:14Z,"art pop","Matador",0.269,0.224,6,-16.72,1,0.0547,0.912,0.0251,0.109,0.094,84.632,4
spotify:track:5n9ml1SgCn0CLLYoHr7RlI,"Untitled 2","Untitled 2","Pavel Milyakov;Bendik Giske",2021-02-10,190783,0,false,ce4h02wfl7upc1x82kkbes4cd,2026-02-20T14:24:28Z,"ambient,experimental,ambient jazz,dark ambient,experimental jazz,drone","Smalltown Supersound",0.625,0.863,9,-10.741,1,0.0461,0.642,0.541,0.107,0.757,110.799,4
spotify:track:4hJheLvRiUZBpSKCG076eo,"Nike Soldier","Nike Soldier","Alan Vega",2021-02-24,257670,0,false,ce4h02wfl7upc1x82kkbes4cd,2026-02-20T14:24:36Z,"post-punk,proto-punk","Sacred Bones Records",0.492,0.914,11,-6.358,1,0.0521,0.174,0.317,0.414,0.386,91.882,4
spotify:track:7IAX7TBaiEMmNdgE0dgwHz,"Little Frogs Swam by Every Now and Then","The Invention of the Human","Dylan Henner",2020-08-28,289652,0,false,ce4h02wfl7upc1x82kkbes4cd,2026-02-20T14:24:43Z,"ambient","AD 93",0.549,0.166,9,-19,1,0.0389,0.98,0.923,0.104,0.0998,110.057,4
spotify:track:7LuRo2rdMRYOQ4G7E4EkMu,"Where Were You","Heaven & Hell","Mekons",2010-10-12,160960,37,false,ce4h02wfl7upc1x82kkbes4cd,2026-02-20T14:24:56Z,"post-punk,alt country","Mekons",0.284,0.92,4,-3.916,1,0.0882,0.000284,0.121,0.118,0.33,78.12,4
spotify:track:5Sl4KG5rsxTN5AIvSyz5rG,"Arthropoda","EARS","Kaitlyn Aurelia Smith",2016-04-01,217453,0,false,ce4h02wfl7upc1x82kkbes4cd,2026-02-20T14:25:10Z,"ambient,art pop,experimental","Western Vinyl",0.226,0.442,7,-15.422,0,0.0793,0.329,0.0583,0.11,0.0765,119.728,4
spotify:track:5DDIi5dhontmo0J5sVVhfH,"Softly Kidding","An When","Tonstartssbandht",2009-06-10,270225,0,false,ce4h02wfl7upc1x82kkbes4cd,2026-02-20T14:25:21Z,"neo-psychedelic","Does Are",0.116,0.77,8,-5.458,1,0.0571,0.268,0.571,0.588,0.253,150.098,3
spotify:track:6UKPOGd6vFK1FxQgDLQY6M,"Monorail","Now I Am Become","Tonstartssbandht",2011-05-17,198981,0,false,ce4h02wfl7upc1x82kkbes4cd,2026-02-20T14:25:28Z,"neo-psychedelic","Arbutus Records",0.194,0.615,6,-7.733,0,0.0425,0.0542,0.87,0.369,0.177,78.935,4
spotify:track:4Y1igB1GDncJvt7ezbV3cW,"Suspirium","Suspiria (Music for the Luca Guadagnino Film)","Thom Yorke",2018-10-26,201768,56,false,ce4h02wfl7upc1x82kkbes4cd,2026-02-20T14:25:39Z,"","XL Recordings",0.457,0.223,1,-15.432,0,0.0317,0.988,0.918,0.135,0.438,150.998,3
spotify:track:21Phj46KeUHOWyZW9A9b7P,"Alberto Balsalm","...I Care Because You Do","Aphex Twin",1995-04-24,310746,0,false,ce4h02wfl7upc1x82kkbes4cd,2026-02-20T14:25:52Z,"idm,ambient,electronica","Warp Records",0.792,0.599,3,-13.647,1,0.141,0.316,0.931,0.111,0.57,93.994,4
spotify:track:0jlFwH6v8Hp1ndyLxWFqIg,"Spindrift","All This I Do For Glory","Colin Stetson",2017-04-28,387900,30,false,ce4h02wfl7upc1x82kkbes4cd,2026-02-20T14:26:02Z,"","52Hz",0.187,0.496,4,-16.899,1,0.0497,0.782,0.955,0.0837,0.28,150.037,4
spotify:track:7y8X0Z04gJCKtfrnSAMywJ,"Hacker","The Money Store","Death Grips",2012-04-23,275520,55,true,ce4h02wfl7upc1x82kkbes4cd,2026-02-20T14:26:11Z,"experimental hip hop,experimental","Epic",0.681,0.88,9,-3.895,1,0.227,0.0567,0,0.0893,0.38,124.885,4
spotify:track:6pDzUazSIrRhViOqiMMraX,"Reborn","Hereditary (Original Soundtrack Album)","Colin Stetson",2018,231573,47,false,ce4h02wfl7upc1x82kkbes4cd,2026-02-20T14:26:21Z,"","Milan Records",0.157,0.158,1,-10.284,1,0.044,0.351,0.225,0.134,0.0266,133.429,4
spotify:track:4x38eumqPKOe0yju4iDuUU,"Волны","Этажи","Molchat Doma",2018-09-07,261057,0,false,ce4h02wfl7upc1x82kkbes4cd,2026-02-20T14:26:36Z,"post-punk,darkwave,cold wave,gothic rock","Sacred Bones Records",0.556,0.828,4,-4.277,0,0.0406,0.622,0.799,0.267,0.201,119.995,4
spotify:track:1TSoAXxFkZ1MszFRqTKxzC,"Cut to the Feeling","Heart & Earth","Yawning Portal",2020-11-06,244546,0,false,ce4h02wfl7upc1x82kkbes4cd,2026-02-20T14:26:47Z,"","PLZ Make It Ruins",0.171,0.6,10,-5.933,1,0.0412,0.141,0.728,0.304,0.144,116.85,4
spotify:track:00c2vsoZuubtGkLFQCdT1p,"The Orchids","Dreams Less Sweet","Psychic TV",1983-10-20,177877,35,false,ce4h02wfl7upc1x82kkbes4cd,2026-02-20T14:26:54Z,"industrial,acid house,neofolk,post-punk,avant-garde","Sony Music UK",0.29,0.0862,4,-22.686,1,0.0613,0.988,0.558,0.088,0.559,204.443,3
spotify:track:2oeLt7N1amHZiev27FvKE2,"Sketch for Summer","The Return of The Durutti Column","The Durutti Column",1979-01-01,178280,51,false,ce4h02wfl7upc1x82kkbes4cd,2026-02-20T14:27:01Z,"art rock,post-punk","London Music Stream/Because Music",0.648,0.743,2,-9.902,0,0.0359,0.484,0.823,0.145,0.527,107.68,4
spotify:track:2Fsui0cTRHLR3iMVohL2cC,"The Narcissist","The Narcissist II","Dean Blunt;Inga Copeland",2012-12-03,246553,0,false,ce4h02wfl7upc1x82kkbes4cd,2026-02-20T14:27:05Z,"","Hippos In Tanks / World Music",0.439,0.591,10,-8.763,0,0.0499,0.297,0.33,0.616,0.094,63.414,3
spotify:track:178yi3jvbIHwnaxeAVUCD9,"Boys Latin","Panda Bear Meets The Grim Reaper","Panda Bear",2015-01-12,252253,36,false,ce4h02wfl7upc1x82kkbes4cd,2026-02-20T14:27:11Z,"neo-psychedelic","Domino Recording Co",0.423,0.858,1,-6.002,1,0.0564,0.407,0.000661,0.806,0.522,90.056,4
spotify:track:0LuCswQI54QlK6EVez06Bw,"W.I.G.T.S.","S.Maharba","S.Maharba",2012-04-24,153572,41,false,ce4h02wfl7upc1x82kkbes4cd,2026-02-20T14:27:17Z,"plunderphonics","BTS Records",0.386,0.856,5,-3.905,1,0.0579,0.000102,0.534,0.0482,0.429,78.407,3
spotify:track:39UZSK0RmAouRVfm2wZZDW,"Human Om","Sweatbox Dynasty","TOBACCO",2016-08-19,185706,0,false,ce4h02wfl7upc1x82kkbes4cd,2026-02-20T14:27:23Z,"space rock,experimental hip hop","Ghostly International",0.674,0.527,0,-4.948,1,0.053,0.757,0.394,0.192,0.181,125.146,4
spotify:track:2Hvbl24zeFou1InAbBMIDf,"Fun Dink Death","Doo Doo Run","Eric Copeland",2010-04-27,217906,0,false,ce4h02wfl7upc1x82kkbes4cd,2026-02-20T14:27:32Z,"plunderphonics,space rock,experimental","Post Present Medium",0.683,0.8,4,-4.937,0,0.142,0.403,0.925,0.1,0.614,69.884,4
spotify:track:6BccGcZ3yF4Jxe7BiuKxOu,"U.F.O.s Over Vampire City","Whorehouse Blues","Eric Copeland",2011-07-19,213573,0,false,ce4h02wfl7upc1x82kkbes4cd,2026-02-20T14:27:42Z,"plunderphonics,space rock,experimental","Post Present Medium",0.321,0.606,9,-4.931,0,0.029,0.446,0.0000647,0.105,0.21,174.643,3
